ModelFinallres,P-score,R-score,F-score
KNN,0.8,0.9090909090909091,0.8510638297872342
DT,0.7619047619047619,0.7272727272727273,0.7441860465116279
NB,0.47619047619047616,0.9090909090909091,0.6249999999999999
LR,0.4772727272727273,0.9545454545454546,0.6363636363636365
SVM,0.7,0.9545454545454546,0.8076923076923077
