ModelFinallres,P-score,R-score,F-score
KNN,0.3333333333333333,1.0,0.5
DT,0.5,0.6,0.5454545454545454
NB,0.2631578947368421,1.0,0.4166666666666667
LR,0.2777777777777778,1.0,0.4347826086956522
SVM,0.45454545454545453,1.0,0.625
