ModelFinallres,P-score,R-score,F-score
KNN,0.022988505747126436,0.08163265306122448,0.03587443946188341
DT,0.015151515151515152,0.02040816326530612,0.017391304347826087
NB,0.007862903225806451,0.7959183673469388,0.015571970453184267
LR,0.009608277900960829,0.5306122448979592,0.018874773139745917
SVM,0.010146103896103896,0.5102040816326531,0.01989653800238758
