ModelFinallres,P-score,R-score,F-score
KNN,0.16367265469061876,0.3904761904761905,0.230661040787623
DT,0.1708542713567839,0.1619047619047619,0.16625916870415647
NB,0.18947368421052632,0.17142857142857143,0.18000000000000002
LR,0.19057377049180327,0.44285714285714284,0.26647564469914037
SVM,0.18888888888888888,0.40476190476190477,0.25757575757575757
