ModelFinallres,P-score,R-score,F-score
KNN,0.7121212121212122,0.9215686274509803,0.8034188034188035
DT,0.918918918918919,0.6666666666666666,0.7727272727272727
NB,0.3548387096774194,0.6470588235294118,0.4583333333333333
LR,0.34959349593495936,0.8431372549019608,0.49425287356321834
SVM,0.38738738738738737,0.8431372549019608,0.5308641975308642
