ModelFinallres,P-score,R-score,F-score
KNN,0.3157894736842105,0.8,0.45283018867924535
DT,0.47058823529411764,0.5333333333333333,0.5
NB,0.2857142857142857,0.9333333333333333,0.43749999999999994
LR,0.2708333333333333,0.8666666666666667,0.41269841269841273
SVM,0.3333333333333333,0.8666666666666667,0.48148148148148145
