ModelFinallres,P-score,R-score,F-score
KNN,0.4583333333333333,0.9166666666666666,0.611111111111111
DT,0.9090909090909091,0.8333333333333334,0.8695652173913043
NB,0.30303030303030304,0.8333333333333334,0.4444444444444444
LR,0.275,0.9166666666666666,0.4230769230769231
SVM,0.3333333333333333,0.9166666666666666,0.4888888888888888
