Model,P-cvscore,R-cvscore,F-cvscore
KNN,0.9826081173152627,0.9991452991452991,0.9907733604488485
DT,0.9618685713018236,0.9829856584093873,0.9722209771665625
NB,0.883488709165513,0.8827538751267566,0.8824356273276379
LR,0.896509846522551,0.8938142836447922,0.8944392114469855
SVM,0.9069267752259416,0.9082572794437201,0.9070370486378596
