Model,P-cvscore,R-cvscore,F-cvscore
KNN,0.9560100274306528,1.0,0.9772651634751466
DT,0.9473057699457964,0.9825771324863883,0.9642108634364848
NB,0.9043052126070993,0.8641258318209317,0.8828996370816486
LR,0.9157678489938912,0.951209921355112,0.9328494156452829
SVM,0.9139898858128486,0.9912583182093163,0.9504933640904975
