Model,P-cvscore,R-cvscore,F-cvscore
KNN,0.01652892561983471,0.06451612903225806,0.02631578947368421
DT,0.007774538386783284,0.64,0.015362457993278924
NB,0.01155115511551155,0.9032258064516129,0.02281059063136456
LR,0.01263823064770932,0.48484848484848486,0.024634334103156276
SVM,0.01037344398340249,0.42857142857142855,0.02025658338960162
