Model,P-cvscore,R-cvscore,F-cvscore
KNN,0.8017266766729861,0.9516167148667263,0.8702486804727197
DT,0.6204080215569073,0.6907325321025453,0.6533044261136274
NB,0.5242738789516391,0.5125779306833093,0.5092928041926886
LR,0.5184041744506244,0.5318681820852456,0.5246372001880991
SVM,0.5198328626559486,0.5374540576181119,0.5280530753662337
