Model,P-cvscore,R-cvscore,F-cvscore
KNN,0.9818508218792399,0.9981884057971016,0.9899369619365956
DT,0.9586586698648946,0.986578392621871,0.9723523809126939
NB,0.8408153501365423,0.6438168642951252,0.7291428130355878
LR,0.8527696408315035,0.7856258234519103,0.8175664660254279
SVM,0.8767801146271355,0.8617878787878788,0.8690387063582232
