Model,P-cvscore,R-cvscore,F-cvscore
KNN,0.9629127541682927,1.0,0.9810559360207328
DT,0.9469914771340273,0.9833102012491327,0.9646637577794304
NB,0.887690306111552,0.8049271339347677,0.8438633079820945
LR,0.8946168971567865,0.8739821882951654,0.8839922105010075
SVM,0.8981740839856494,0.9081193615544759,0.9030146851979616
