Model,P-cvscore,R-cvscore,F-cvscore
KNN,0.9876395375120547,1.0,0.9937624074248547
DT,0.9632892017084869,0.9989041013631178,0.9807135024627851
NB,0.9083685213159232,0.835813366960908,0.8703591546320046
LR,0.9290283128793891,0.9994535519125683,0.9628931735244107
SVM,0.9498374713351936,1.0,0.9742052913264138
