Model,P-cvscore,R-cvscore,F-cvscore
KNN,0.9417321763947186,1.0,0.9690578968217041
DT,0.941483468511137,1.0,0.9686299251260351
NB,0.8851911889989825,0.8768144285093438,0.8782165693673921
LR,0.8915517619087974,0.8734390844560336,0.8802455492234611
SVM,0.8796466953600982,0.9082934955816311,0.8903979714234816
