Model,P-cvscore,R-cvscore,F-cvscore
KNN,0.9602732240437157,1.0,0.9796168271741552
DT,0.9686565233637697,1.0,0.9838617110393088
NB,0.891777553766506,0.8656079854809438,0.8770103365056977
LR,0.9035771260250597,0.917967332123412,0.9101931838690387
SVM,0.9100031022847505,0.9878100423472475,0.9455631204564089
