Model,P-cvscore,R-cvscore,F-cvscore
KNN,0.0,0.0,0.0
DT,0.009101251422070534,0.25806451612903225,0.017582417582417582
NB,0.009137862534763607,0.8846153846153846,0.018088871411718443
LR,0.013029315960912053,0.48484848484848486,0.025376685170499604
SVM,0.008884501480750246,0.2647058823529412,0.017191977077363897
