Model,P-cvscore,R-cvscore,F-cvscore
KNN,0.7870482249231843,0.9981949458483754,0.8791991056731906
DT,0.555886584192259,0.5953678981074677,0.564442857727829
NB,0.4216188323435075,0.32153073814637584,0.3463554638828777
LR,0.4343622499520544,0.44230779274191967,0.4364232338140036
SVM,0.38763539050377954,0.3951263537906137,0.3443926489039578
