Model,P-cvscore,R-cvscore,F-cvscore
KNN,0.9791857430725482,1.0,0.9894510285496618
DT,0.9426202538502011,0.997820816864295,0.9693190779146637
NB,0.8329898837223947,0.6379986824769434,0.7211420353771466
LR,0.8274725018690928,0.7751093544137022,0.7996495543028244
SVM,0.8559398474131357,0.8599947299077734,0.8574660402611171
