Model,P-cvscore,R-cvscore,F-cvscore
KNN,0.9620537767459171,1.0,0.9804746311694922
DT,0.9217393019748629,1.0,0.9587315827704159
NB,0.8904517492320171,0.8200092528336803,0.8527901474603545
LR,0.8861744369316342,0.8648623640990053,0.8743221920273511
SVM,0.8777386122693785,0.8922044876243349,0.8834610051645978
