Model,P-cvscore,R-cvscore,F-cvscore
KNN,0.9625682118393117,1.0,0.9804157878956736
DT,0.9677658188221431,0.9994535519125683,0.9828104867127543
NB,0.9102447331659602,0.8434546327988951,0.8745282095729505
LR,0.9220526305589555,0.9983606557377049,0.9571682521691182
SVM,0.9431083067630288,1.0,0.9698686844049134
