Model,P-cvscore,R-cvscore,F-cvscore
KNN,0.9601790608012337,0.9991525423728813,0.9792375298047411
DT,0.9733159674948355,0.9881066203100101,0.9806288829764538
NB,0.883488709165513,0.8827538751267566,0.8824356273276379
LR,0.8933633703101685,0.8963638997537304,0.8941124799500308
SVM,0.942886738736056,0.9880921338548457,0.9648218700068124
