Model,P-cvscore,R-cvscore,F-cvscore
KNN,0.9223973170646558,1.0,0.959342752428704
DT,0.9566317398107662,0.9773442226255293,0.9664838468136594
NB,0.9043052126070993,0.8641258318209317,0.8828996370816486
LR,0.9145371457019085,0.9407138535995159,0.9271836446896822
SVM,0.9251974909394356,0.9755898366606172,0.9493403918565873
