Model,P-cvscore,R-cvscore,F-cvscore
KNN,0.9051470432045013,0.9996589358799456,0.9500475742677829
DT,0.9477092997494315,0.9745907230559345,0.9609582667423562
NB,0.5105663437147865,0.8537858117326056,0.6389919408718783
LR,0.5382187773995548,0.537244201909959,0.5377050226810052
SVM,0.6247555417667083,0.6899386084583902,0.6557090097434488
