Model,P-cvscore,R-cvscore,F-cvscore
KNN,0.7091872506294733,0.9402435680665355,0.8085227518169782
DT,0.7348178154416974,0.7900343384623418,0.7613678164319195
NB,0.5242738789516391,0.5125779306833093,0.5092928041926886
LR,0.5169774590409236,0.530063127933621,0.5230589951315635
SVM,0.5770609775937268,0.5694152669064702,0.5728728046473546
