Model,P-cvscore,R-cvscore,F-cvscore
KNN,0.9604846107192622,1.0,0.9797931336196681
DT,0.9754174689267927,0.9880355731225297,0.9816480127651308
NB,0.8408153501365423,0.6438168642951252,0.7291428130355878
LR,0.8492821711958161,0.7678537549407115,0.8063402095053581
SVM,0.897999315343343,0.90568115942029,0.9016692082862953
