Model,P-cvscore,R-cvscore,F-cvscore
KNN,0.9149025701422298,1.0,0.9554842584776184
DT,0.9478160723020507,0.9704024982650937,0.9587079379838824
NB,0.887690306111552,0.8049271339347677,0.8438633079820945
LR,0.8964109798197757,0.8587844089752487,0.8770622963626196
SVM,0.9210580602854168,0.9354788341429563,0.9281196017308847
