Model,P-cvscore,R-cvscore,F-cvscore
KNN,0.9638518896664952,1.0,0.9815261028949085
DT,0.9828372462137397,0.9956224103765088,0.9891388493558129
NB,0.9083685213159232,0.835813366960908,0.8703591546320046
LR,0.9265198211770054,0.9972617546388038,0.9605190493724999
SVM,0.9488638589690771,1.0,0.9736888277075602
