ModelFinallres,P-score,R-score,F-score
KNN,0.3492063492063492,1.0,0.5176470588235293
DT,0.44680851063829785,0.9545454545454546,0.6086956521739131
NB,0.3584905660377358,0.8636363636363636,0.5066666666666666
LR,0.4375,0.9545454545454546,0.6
SVM,0.2727272727272727,0.9545454545454546,0.4242424242424242
