ModelFinallres,P-score,R-score,F-score
KNN,0.4166666666666667,1.0,0.5882352941176471
DT,0.036036036036036036,0.8,0.06896551724137931
NB,0.08928571428571429,1.0,0.1639344262295082
LR,0.3076923076923077,0.8,0.4444444444444444
SVM,0.15151515151515152,1.0,0.2631578947368421
