ModelFinallres,P-score,R-score,F-score
KNN,0.008456659619450317,0.8979591836734694,0.016755521706016758
DT,0.008517578832910475,0.9591836734693877,0.016885216454104544
NB,0.008501594048884165,0.8163265306122449,0.016827934371055953
LR,0.00954426151276545,0.8163265306122449,0.018867924528301886
SVM,0.008330027766759222,0.8571428571428571,0.016499705362404242
