ModelFinallres,P-score,R-score,F-score
KNN,0.1748971193415638,0.8095238095238095,0.2876480541455161
DT,0.17536945812807883,0.8476190476190476,0.29061224489795917
NB,0.173444976076555,0.6904761904761905,0.277246653919694
LR,0.172103487064117,0.7285714285714285,0.278434940855323
SVM,0.16952789699570817,0.7523809523809524,0.27670753064798603
