ModelFinallres,P-score,R-score,F-score
KNN,0.15555555555555556,0.9607843137254902,0.2677595628415301
DT,0.2916666666666667,0.9607843137254902,0.4474885844748859
NB,0.10829493087557604,0.9215686274509803,0.19381443298969075
LR,0.17279411764705882,0.9215686274509803,0.2910216718266254
SVM,0.14029850746268657,0.9215686274509803,0.2435233160621762
