ModelFinallres,P-score,R-score,F-score
KNN,0.17857142857142858,1.0,0.30303030303030304
DT,0.13636363636363635,1.0,0.24000000000000002
NB,0.11904761904761904,1.0,0.21276595744680848
LR,0.24193548387096775,1.0,0.38961038961038963
SVM,0.11627906976744186,1.0,0.20833333333333334
