ModelFinallres,P-score,R-score,F-score
KNN,0.14084507042253522,0.8333333333333334,0.24096385542168677
DT,0.46153846153846156,1.0,0.631578947368421
NB,0.026119402985074626,0.5833333333333334,0.049999999999999996
LR,0.4117647058823529,0.5833333333333334,0.4827586206896552
SVM,0.02973977695167286,0.6666666666666666,0.05693950177935943
