Model,P-cvscore,R-cvscore,F-cvscore
KNN,0.9134848484848485,0.9152777777777779,0.9071991347146147
DT,0.9048809523809525,0.8236111111111111,0.8564148209891244
NB,0.920429292929293,0.8930555555555555,0.8985673743181483
LR,0.9315404040404041,0.8805555555555555,0.8977830605926581
SVM,0.9167063492063493,0.8791666666666667,0.8904653885845837
