Model,P-cvscore,R-cvscore,F-cvscore
KNN,0.925,0.8666666666666668,0.8823809523809523
DT,0.9016666666666666,0.8833333333333332,0.8573809523809525
NB,0.9416666666666667,0.9166666666666666,0.9123809523809525
LR,0.925,0.8333333333333333,0.8523809523809524
SVM,0.925,0.8666666666666668,0.8823809523809523
