Model,P-cvscore,R-cvscore,F-cvscore
KNN,0.5260001880943326,0.5046798029556651,0.5129016505743385
DT,0.519963608223034,0.5008620689655172,0.5071995596026058
NB,0.5036272429824653,0.8568965517241379,0.6333466051979928
LR,0.4813264351840064,0.46625615763546796,0.46951144801542916
SVM,0.5226855939680054,0.45837438423645327,0.48539214217685106
