Model,P-cvscore,R-cvscore,F-cvscore
KNN,0.4508715999190683,0.41021321149819145,0.427390502201859
DT,0.4207279895840029,0.38095374071958876,0.39843337185677735
NB,0.43553634846166017,0.3806301161241195,0.38833438222836014
LR,0.44250272703502136,0.39272796497239665,0.41361888345193404
SVM,0.43362101826909044,0.34977155910908053,0.3859346352850629
