Model,P-cvscore,R-cvscore,F-cvscore
KNN,0.8402604680059923,0.856904761904762,0.8391715047826827
DT,0.8687476064713916,0.7928571428571428,0.8205456779619202
NB,0.8327589077589078,0.6516666666666666,0.6952393500219587
LR,0.82746554418869,0.7161904761904763,0.7544049437469997
SVM,0.8897662180814354,0.8476190476190476,0.8610468172700612
