Model,P-cvscore,R-cvscore,F-cvscore
KNN,0.8718001443001443,0.8811111111111112,0.8683082706766918
DT,0.8215656565656566,0.7688888888888888,0.7815032679738562
NB,0.8476154401154401,0.8266666666666668,0.8254564106344292
LR,0.8827922077922079,0.8255555555555556,0.8369072757308051
SVM,0.9010930735930737,0.8144444444444444,0.8384578433262643
