Model,P-cvscore,R-cvscore,F-cvscore
KNN,0.8732142857142857,0.8976190476190476,0.8572582972582972
DT,0.9005952380952381,0.8738095238095237,0.8779786879786879
NB,0.898809523809524,0.8,0.8048717948717948
LR,0.898809523809524,0.8785714285714287,0.8627106227106227
SVM,0.8898809523809523,0.9071428571428571,0.8764635364635364
