ModelFinallres,P-score,R-score,F-score
KNN,0.4489795918367347,1.0,0.6197183098591549
DT,0.35,0.9545454545454546,0.5121951219512195
NB,0.4375,0.9545454545454546,0.6
LR,0.5,0.9545454545454546,0.65625
SVM,0.4883720930232558,0.9545454545454546,0.6461538461538462
