ModelFinallres,P-score,R-score,F-score
KNN,0.29411764705882354,1.0,0.45454545454545453
DT,0.2,1.0,0.33333333333333337
NB,0.21739130434782608,1.0,0.3571428571428571
LR,0.29411764705882354,1.0,0.45454545454545453
SVM,0.2777777777777778,1.0,0.4347826086956522
