ModelFinallres,P-score,R-score,F-score
KNN,0.009358752166377816,0.5510204081632653,0.01840490797546012
DT,0.008748317631224764,0.5306122448979592,0.017212843429328037
NB,0.007252215954875101,0.7346938775510204,0.014362657091561938
LR,0.007863695937090432,0.4897959183673469,0.01547887778136085
SVM,0.009365994236311239,0.5306122448979592,0.018407079646017697
