ModelFinallres,P-score,R-score,F-score
KNN,0.16843702579666162,0.5285714285714286,0.25546605293440733
DT,0.15994020926756353,0.5095238095238095,0.24345847554038683
NB,0.17256637168141592,0.18571428571428572,0.17889908256880735
LR,0.177734375,0.43333333333333335,0.25207756232686984
SVM,0.17637271214642264,0.5047619047619047,0.26140567200986436
