ModelFinallres,P-score,R-score,F-score
KNN,0.36496350364963503,0.9803921568627451,0.5319148936170213
DT,0.5405405405405406,0.7843137254901961,0.6399999999999999
NB,0.4266666666666667,0.6274509803921569,0.5079365079365079
LR,0.35135135135135137,0.7647058823529411,0.48148148148148157
SVM,0.38333333333333336,0.9019607843137255,0.5380116959064328
