ModelFinallres,P-score,R-score,F-score
KNN,0.2,0.9333333333333333,0.3294117647058824
DT,0.18666666666666668,0.9333333333333333,0.31111111111111106
NB,0.27450980392156865,0.9333333333333333,0.42424242424242425
LR,0.28,0.9333333333333333,0.4307692307692308
SVM,0.208955223880597,0.9333333333333333,0.34146341463414637
