ModelFinallres,P-score,R-score,F-score
KNN,0.21568627450980393,0.9166666666666666,0.3492063492063492
DT,0.36363636363636365,1.0,0.5333333333333333
NB,0.3333333333333333,0.8333333333333334,0.47619047619047616
LR,0.2777777777777778,0.8333333333333334,0.4166666666666667
SVM,0.25,0.9166666666666666,0.3928571428571429
