Model,P-cvscore,R-cvscore,F-cvscore
KNN,0.9069444803925037,0.9982978415181805,0.9490983001675742
DT,0.915411923002566,0.9855280312907432,0.9473901760755759
NB,0.8931944563891785,0.9114805157178039,0.8988972236607111
LR,0.8958974971090564,0.9055265826452267,0.8973470919198242
SVM,0.9062548572548765,0.9685064464725481,0.9338067334121799
