Model,P-cvscore,R-cvscore,F-cvscore
KNN,0.9073891634902786,0.9982758620689655,0.9500878288609809
DT,0.9436834964183382,0.9720508166969148,0.9573338065273
NB,0.897015002910034,0.8742891712038716,0.8847461266446747
LR,0.9042099236319853,0.9145493042952207,0.9086784801588665
SVM,0.9156898640568327,0.9982456140350877,0.9543279299406467
