Model,P-cvscore,R-cvscore,F-cvscore
KNN,0.8712507565483862,0.9957987602704051,0.9293593676710998
DT,0.9191018028148807,0.9622233104822072,0.9401504108333194
NB,0.5121742545447575,0.8565086853881609,0.6409742184422417
LR,0.5321791421040399,0.548588070181334,0.5400098974286321
SVM,0.6178152805991903,0.6851793808726367,0.6497237007075598
