Model,P-cvscore,R-cvscore,F-cvscore
KNN,0.6497122190236595,0.9328921037271742,0.7655174840950854
DT,0.6394149212988978,0.7878665332555101,0.7050851806840546
NB,0.45260121267362996,0.714753745240279,0.5507228660799289
LR,0.4426313647955631,0.5187196003224103,0.47539763053735584
SVM,0.5126511794387116,0.6314756524639373,0.5644016021049587
