Model,P-cvscore,R-cvscore,F-cvscore
KNN,0.9470722362692883,0.9985494071146246,0.9720334183652151
DT,0.9617274184297413,0.9862173913043479,0.9737476964366649
NB,0.8344500413955995,0.6545902503293808,0.7328426943447347
LR,0.833415148492944,0.7776021080368907,0.80403011481666
SVM,0.8858579099597648,0.9205415019762846,0.9016168102914659
