Model,P-cvscore,R-cvscore,F-cvscore
KNN,0.9022025238529245,0.9984848484848484,0.9472008153141356
DT,0.9258917864480996,0.9574658801758039,0.9410255517986297
NB,0.8904038925252596,0.8064018043025678,0.8451230506181302
LR,0.8862784539987931,0.8603053435114504,0.8714852863203847
SVM,0.9122938607523359,0.9460964607911173,0.9277779679492518
