Model,P-cvscore,R-cvscore,F-cvscore
KNN,0.926451974891376,0.9994535519125683,0.9603508207235484
DT,0.9731419544156126,0.9939740587281571,0.9830260856670001
NB,0.9114926436599651,0.8396174863387978,0.8730999391725959
LR,0.9200198798522841,0.9989071038251366,0.9562469053902987
SVM,0.935047926924204,1.0,0.964967287624729
