Model,P-cvscore,R-cvscore,F-cvscore
KNN,0.6111418533157664,0.663888888888889,0.5586014875396789
DT,0.5763463830855134,0.6347222222222222,0.561198915584145
NB,0.5441833184108227,0.8583333333333332,0.6047815058134253
LR,0.22708333333333336,0.16111111111111112,0.14976190476190476
SVM,0.0,0.0,0.0
