Model,P-cvscore,R-cvscore,F-cvscore
KNN,0.65,0.4833333333333333,0.5366666666666667
DT,0.635,0.4833333333333333,0.516904761904762
NB,0.4104040404040403,0.8666666666666668,0.5333111333111333
LR,0.7,0.4833333333333333,0.5466666666666666
SVM,0.7083333333333333,0.5,0.5087179487179487
