Model,P-cvscore,R-cvscore,F-cvscore
KNN,0.0,0.0,0.0
DT,0.007309941520467836,0.2777777777777778,0.014245014245014244
NB,0.0,0.0,0.0
LR,0.0,0.0,0.0
SVM,0.0,0.0,0.0
