Model,P-cvscore,R-cvscore,F-cvscore
KNN,0.2274024024024024,0.015581572434799162,0.026896594591587143
DT,0.10077930145525375,0.09522177803160099,0.08234034047214642
NB,0.15195681511470985,0.050504473634113846,0.03651393714707673
LR,0.0,0.0,0.0
SVM,0.1517109573757703,0.12350085665334094,0.12971988074520385
