Model,P-cvscore,R-cvscore,F-cvscore
KNN,0.8299656216414866,0.6697619047619049,0.713948350506368
DT,0.4975638837303655,0.6969047619047618,0.5604337325994967
NB,0.3403373230223369,0.5804761904761906,0.41796100150742205
LR,0.5119047619047619,0.14476190476190479,0.2201353276353276
SVM,0.6269052876947614,0.4402380952380952,0.49946754796602166
