Model,P-cvscore,R-cvscore,F-cvscore
KNN,0.7233333333333334,0.41222222222222216,0.4944538794538794
DT,0.5166221360339007,0.5322222222222222,0.5070015662087274
NB,0.5168062030562031,0.7877777777777777,0.6063247750671686
LR,0.7461904761904762,0.39,0.49543329477540005
SVM,0.5962804515745692,0.65,0.608221772379667
