Model,P-cvscore,R-cvscore,F-cvscore
KNN,0.4903571428571428,0.3952380952380953,0.3949393090569561
DT,0.4998472823472824,0.6785714285714286,0.5423426573426573
NB,0.4721807359307359,0.8047619047619048,0.5394464186505266
LR,0.2,0.03333333333333333,0.05714285714285714
SVM,0.0,0.0,0.0
