Model,P-cvscore,R-cvscore,F-cvscore
KNN,0.9130555555555556,0.9625,0.9338954002653693
DT,0.9249206349206348,0.8694444444444445,0.8926243304339281
NB,0.920429292929293,0.8930555555555555,0.8985673743181483
LR,0.9315404040404041,0.8930555555555555,0.9044497272593247
SVM,0.925436507936508,0.8805555555555555,0.8968056169836356
