Model,P-cvscore,R-cvscore,F-cvscore
KNN,0.5370758384335971,0.5316502463054188,0.5323874075951929
DT,0.554030070668178,0.3373152709359606,0.41338717105847705
NB,0.5036272429824653,0.8568965517241379,0.6333466051979928
LR,0.48252597402597397,0.4801724137931035,0.47539645346005865
SVM,0.3015087719298246,0.5344827586206897,0.38137439315846977
