Model,P-cvscore,R-cvscore,F-cvscore
KNN,0.44848706548009953,0.19583095374071957,0.27123691365993
DT,0.13414499605988967,0.1116504854368932,0.09891973757795759
NB,0.43553634846166017,0.3806301161241195,0.38833438222836014
LR,0.447723782339299,0.3887968779744907,0.4133717556684167
SVM,0.3190556297714304,0.42524271844660194,0.32895742156165847
