Model,P-cvscore,R-cvscore,F-cvscore
KNN,0.8806214317083884,0.8609523809523809,0.8583007962921758
DT,0.83066568613795,0.9264285714285714,0.8732380928182059
NB,0.8327589077589078,0.6516666666666666,0.6952393500219587
LR,0.8380633702756464,0.7352380952380952,0.7702709724037259
SVM,0.8540467986120162,0.7602380952380952,0.7894284221351291
