Model,P-cvscore,R-cvscore,F-cvscore
KNN,0.8718001443001443,0.8811111111111112,0.8683082706766918
DT,0.8475505050505051,0.7966666666666666,0.8088538748832865
NB,0.8476154401154401,0.8266666666666668,0.8254564106344292
LR,0.8982792207792208,0.8166666666666668,0.8405709692783997
SVM,0.8928787878787879,0.8155555555555555,0.8358107845027349
