Model,P-cvscore,R-cvscore,F-cvscore
KNN,0.8732142857142857,0.8976190476190476,0.8572582972582972
DT,0.8964285714285716,0.9833333333333334,0.9336197136197137
NB,0.898809523809524,0.8,0.8048717948717948
LR,0.9071428571428573,0.8785714285714287,0.8684249084249084
SVM,0.9005952380952381,0.9857142857142858,0.935970695970696
