Model,P-cvscore,R-cvscore,F-cvscore
KNN,0.9241666666666667,0.7944444444444445,0.8399297924297924
DT,0.8862193362193362,0.7472222222222221,0.7909612265959016
NB,0.8727272727272727,0.8430555555555556,0.8428939997051452
LR,0.8710606060606061,0.8555555555555555,0.8502682044477711
SVM,0.8734415584415582,0.8805555555555555,0.8676308418104084
