Model,P-cvscore,R-cvscore,F-cvscore
KNN,0.5,0.36666666666666664,0.37523809523809526
DT,0.41666666666666663,0.3666666666666667,0.3704761904761905
NB,0.8,0.7,0.6871428571428572
LR,0.6900000000000001,0.6166666666666666,0.5838095238095239
SVM,0.6900000000000001,0.6833333333333333,0.6238095238095238
