Model,P-cvscore,R-cvscore,F-cvscore
KNN,0.9683738304706045,0.8982758620689655,0.9289217157040778
DT,0.8964195385953284,0.8908866995073892,0.8879890039213644
NB,0.9643496796945072,0.8039408866995075,0.8731698453676142
LR,0.940972434972435,0.7380541871921182,0.8137515511631144
SVM,0.9371749689769713,0.894704433497537,0.9115115447367852
