Model,P-cvscore,R-cvscore,F-cvscore
KNN,0.815430601696894,0.7242052160670093,0.7573658610396465
DT,0.7066332123458162,0.7360175138016372,0.717016522751087
NB,0.9412583261183656,0.6853797829811535,0.7902363164194538
LR,0.9425895625632699,0.7213116314486959,0.8133169401333185
SVM,0.9317085207259765,0.7427279649723967,0.8221467468193694
