Model,P-cvscore,R-cvscore,F-cvscore
KNN,0.9394688644688645,0.915952380952381,0.9200138549505074
DT,0.9763310857940015,0.9061904761904762,0.9361753651529382
NB,0.9788043478260869,0.8428571428571429,0.8884937611408199
LR,0.9906926406926407,0.8378571428571429,0.8913762141787567
SVM,0.9711801242236024,0.8623809523809524,0.9019259488717882
