Model,P-cvscore,R-cvscore,F-cvscore
KNN,0.9193939393939395,0.8377777777777778,0.8640476190476191
DT,0.858149628149628,0.8266666666666665,0.8313905234099742
NB,0.9432900432900434,0.8922222222222222,0.9133753501400561
LR,0.940909090909091,0.8477777777777777,0.8823529411764707
SVM,0.9355122655122654,0.8700000000000001,0.8951641358297705
