Model,P-cvscore,R-cvscore,F-cvscore
KNN,0.7095238095238096,0.5619047619047619,0.59998334998335
DT,0.8395238095238096,0.8285714285714285,0.8253899042134336
NB,0.6486538461538462,0.580952380952381,0.582999164578112
LR,0.5742490842490843,0.5547619047619048,0.5442257158046632
SVM,0.6133333333333333,0.40476190476190477,0.4429653679653679
