Model,P-cvscore,R-cvscore,F-cvscore
KNN,0.5388278388278388,0.3958333333333333,0.4217948717948718
DT,0.3462962962962963,0.2833333333333333,0.26454545454545453
NB,0.6478459471562921,0.75,0.6317502917502917
RF,0.7034761904761905,0.513888888888889,0.5018163961642224
LR,0.12708333333333335,0.15,0.12976190476190477
SVM,0.0,0.0,0.0
Kmeans,0.20584417814677716,0.30288461538461536,0.08939705945338194
