Model,P-cvscore,R-cvscore,F-cvscore
KNN,0.2333333333333333,0.13333333333333333,0.15666666666666668
DT,0.0,0.0,0.0
NB,0.4647619047619047,0.7999999999999999,0.5588095238095238
RF,0.4,0.2333333333333333,0.29333333333333333
LR,0.6166666666666666,0.36666666666666664,0.42666666666666664
SVM,0.625,0.4333333333333333,0.48238095238095235
Kmeans,0.14536435786435786,0.675,0.25797394126341494
