Model,P-cvscore,R-cvscore,F-cvscore
KNN,0.0,0.0,0.0
DT,0.0,0.0,0.0
NB,0.0,0.0,0.0
RF,0.1,0.0034482758620689655,0.006666666666666666
LR,0.0,0.0,0.0
SVM,0.0,0.0,0.0
Kmeans,0.009831808376404813,0.4685443085927304,0.019217784889814373
