Model,P-cvscore,R-cvscore,F-cvscore
KNN,0.11111111111111112,0.001941747572815534,0.003708791208791208
DT,0.0,0.0,0.0
NB,0.0,0.0,0.0
RF,0.1,0.000970873786407767,0.0019230769230769227
LR,0.0,0.0,0.0
SVM,0.0,0.0,0.0
Kmeans,0.16308262447722344,0.31522658502673756,0.18904981822474493
