Model,P-cvscore,R-cvscore,F-cvscore
KNN,0.7882797642673804,0.6690476190476191,0.6861044301485502
DT,0.7194168254346273,0.6002380952380952,0.642694021084114
NB,0.6831328320802005,0.2966666666666667,0.3955364826744137
RF,0.828486842105263,0.5969047619047619,0.6699988600074683
LR,0.475,0.14166666666666666,0.21344988344988347
SVM,0.8015476190476191,0.4211904761904762,0.5039982389604076
Kmeans,0.09270458262986295,0.3014912280701754,0.14349738923346994
