Model,P-cvscore,R-cvscore,F-cvscore
KNN,0.7250000000000001,0.4033333333333333,0.4854173604173604
DT,0.6237057387057388,0.6300000000000001,0.6166284455811311
NB,0.6121095571095572,0.5955555555555556,0.5906499202551834
RF,0.691031746031746,0.5322222222222222,0.5898047815617475
LR,0.7332592407592408,0.47888888888888886,0.5377391236214766
SVM,0.8,0.4677777777777778,0.5347342526754292
Kmeans,0.2267146789545858,0.5905483405483405,0.31830841159103684
