Model,P-cvscore,R-cvscore,F-cvscore
KNN,0.6441414141414141,0.49523809523809526,0.5266975181681064
DT,0.62,0.4238095238095238,0.46984848484848485
NB,0.4990193587416818,0.6833333333333333,0.5449082365003417
RF,0.6511363636363636,0.5761904761904761,0.5884271284271284
LR,0.4416666666666667,0.4666666666666667,0.4418181818181819
SVM,0.4916666666666667,0.4095238095238095,0.43606060606060604
Kmeans,0.09033313621131481,0.4,0.14484797297297297
