Model,P-cvscore,R-cvscore,F-cvscore
KNN,0.9116260043059622,1.0,0.952559743689682
DT,0.9545256193732591,1.0,0.9759930551343967
NB,0.8851911889989825,0.8768144285093438,0.8782165693673921
LR,0.8844896965302226,0.8844994929740693,0.8817727301577956
SVM,0.8857544264147764,0.9770606982471388,0.9261978714459016
