Model,P-cvscore,R-cvscore,F-cvscore
KNN,0.9373869347058136,1.0,0.9674170057691253
DT,0.9651875520978048,1.0,0.9821375858110482
NB,0.891777553766506,0.8656079854809438,0.8770103365056977
LR,0.9006977376782169,0.9057773744706592,0.9027071256354203
SVM,0.9237260470627409,0.9546581972171809,0.9378414414395884
