Model,P-cvscore,R-cvscore,F-cvscore
KNN,0.967605603764434,1.0,0.9835329026721251
DT,0.9860844208097939,1.0,0.9929914782336813
NB,0.4999087272805725,0.8398021828103683,0.62670002992541
LR,0.5328780485795019,0.47039563437926324,0.49915711501213816
SVM,0.611999114192657,0.6782742155525239,0.643374684395164
