Model,P-cvscore,R-cvscore,F-cvscore
KNN,0.6425366576332201,0.9299479047662569,0.7595614937061053
DT,0.7761490083185011,0.9983754512635379,0.8725355408350097
NB,0.4216188323435075,0.32153073814637584,0.3463554638828777
LR,0.428005352780277,0.45115549578603087,0.4372497626880979
SVM,0.5029066889752156,0.4943093464594173,0.4972373106332431
