Model,P-cvscore,R-cvscore,F-cvscore
KNN,0.9522768238069407,1.0,0.9754880452040648
DT,0.9716048278649086,1.0,0.985560398330132
NB,0.8329898837223947,0.6379986824769434,0.7211420353771466
LR,0.8302377867446344,0.7678590250329381,0.7973005661083685
SVM,0.8760524460975079,0.9122305665349144,0.8924100189296726
