Model,P-cvscore,R-cvscore,F-cvscore
KNN,0.9221370203656246,1.0,0.9588678022043744
DT,0.9405290887965716,1.0,0.9690473155075864
NB,0.8904517492320171,0.8200092528336803,0.8527901474603545
LR,0.887159913664384,0.864879713162156,0.8750495011029017
SVM,0.9057489298834133,0.9180372426555634,0.9108081105774877
