Model,P-cvscore,R-cvscore,F-cvscore
KNN,0.9329673359685942,1.0,0.9641464367249464
DT,0.9823614975139361,1.0,0.9909352229784025
NB,0.9102447331659602,0.8434546327988951,0.8745282095729505
LR,0.9198645343365426,0.9967213114754099,0.955133100249707
SVM,0.932818645630803,1.0,0.9637417062584206
