ModelFinallres,P-score,R-score,F-score
KNN,0.6451612903225806,0.9090909090909091,0.7547169811320754
DT,0.75,0.6818181818181818,0.7142857142857143
NB,0.47619047619047616,0.9090909090909091,0.6249999999999999
LR,0.4772727272727273,0.9545454545454546,0.6363636363636365
SVM,0.7333333333333333,1.0,0.846153846153846
