ModelFinallres,P-score,R-score,F-score
KNN,0.2777777777777778,1.0,0.4347826086956522
DT,0.3333333333333333,0.8,0.47058823529411764
NB,0.3125,1.0,0.47619047619047616
LR,0.2777777777777778,1.0,0.4347826086956522
SVM,0.4166666666666667,1.0,0.5882352941176471
