ModelFinallres,P-score,R-score,F-score
KNN,0.011056511056511056,0.1836734693877551,0.02085747392815759
DT,0.015584415584415584,0.12244897959183673,0.027649769585253454
NB,0.0077083333333333335,0.7551020408163265,0.015260878531656013
LR,0.008112094395280236,0.673469387755102,0.01603109059995142
SVM,0.010950332420805632,0.5714285714285714,0.0214888718342287
