ModelFinallres,P-score,R-score,F-score
KNN,0.17063492063492064,0.4095238095238095,0.24089635854341737
DT,0.16304347826086957,0.2857142857142857,0.20761245674740483
NB,0.15510204081632653,0.7238095238095238,0.2554621848739496
LR,0.1589895988112927,0.5095238095238095,0.2423556058890147
SVM,0.1595744680851064,0.42857142857142855,0.23255813953488372
