ModelFinallres,P-score,R-score,F-score
KNN,0.6857142857142857,0.9411764705882353,0.7933884297520661
DT,0.8148148148148148,0.8627450980392157,0.838095238095238
NB,0.3626373626373626,0.6470588235294118,0.4647887323943662
LR,0.3548387096774194,0.8627450980392157,0.5028571428571428
SVM,0.3893805309734513,0.8627450980392157,0.5365853658536586
