ModelFinallres,P-score,R-score,F-score
KNN,0.2826086956521739,0.8666666666666667,0.4262295081967213
DT,0.4583333333333333,0.7333333333333333,0.5641025641025641
NB,0.2708333333333333,0.8666666666666667,0.41269841269841273
LR,0.2549019607843137,0.8666666666666667,0.3939393939393939
SVM,0.34210526315789475,0.8666666666666667,0.4905660377358491
