ModelFinallres,P-score,R-score,F-score
KNN,0.3333333333333333,0.9166666666666666,0.4888888888888888
DT,0.631578947368421,1.0,0.7741935483870968
NB,0.3225806451612903,0.8333333333333334,0.4651162790697674
LR,0.275,0.9166666666666666,0.4230769230769231
SVM,0.34375,0.9166666666666666,0.5
