ModelFinallres,P-score,R-score,F-score
KNN,0.7777777777777778,0.9545454545454546,0.8571428571428572
DT,0.75,0.6818181818181818,0.7142857142857143
NB,0.47619047619047616,0.9090909090909091,0.6249999999999999
LR,0.4883720930232558,0.9545454545454546,0.6461538461538462
SVM,0.7241379310344828,0.9545454545454546,0.823529411764706
