ModelFinallres,P-score,R-score,F-score
KNN,0.2777777777777778,1.0,0.4347826086956522
DT,0.375,0.6,0.4615384615384615
NB,0.3125,1.0,0.47619047619047616
LR,0.2777777777777778,1.0,0.4347826086956522
SVM,0.38461538461538464,1.0,0.5555555555555556
