ModelFinallres,P-score,R-score,F-score
KNN,0.011784511784511785,0.14285714285714285,0.02177293934681182
DT,0.016666666666666666,0.10204081632653061,0.028653295128939826
NB,0.007911721840516344,0.7755102040816326,0.015663643858202802
LR,0.008540567696558653,0.6938775510204082,0.016873449131513646
SVM,0.010769230769230769,0.5714285714285714,0.021140052850132124
