ModelFinallres,P-score,R-score,F-score
KNN,0.16135458167330677,0.38571428571428573,0.22752808988764045
DT,0.1536231884057971,0.2523809523809524,0.190990990990991
NB,0.15945089757127773,0.719047619047619,0.2610198789974071
LR,0.1636085626911315,0.5095238095238095,0.24768518518518517
SVM,0.16824196597353497,0.4238095238095238,0.24086603518267927
