ModelFinallres,P-score,R-score,F-score
KNN,0.7,0.9607843137254902,0.8099173553719008
DT,0.7884615384615384,0.803921568627451,0.7961165048543688
NB,0.3626373626373626,0.6470588235294118,0.4647887323943662
LR,0.35,0.8235294117647058,0.4912280701754386
SVM,0.4056603773584906,0.8431372549019608,0.5477707006369428
