ModelFinallres,P-score,R-score,F-score
KNN,0.29545454545454547,0.8666666666666667,0.44067796610169496
DT,0.4444444444444444,0.8,0.5714285714285714
NB,0.2708333333333333,0.8666666666666667,0.41269841269841273
LR,0.2708333333333333,0.8666666666666667,0.41269841269841273
SVM,0.3939393939393939,0.8666666666666667,0.5416666666666666
