ModelFinallres,P-score,R-score,F-score
KNN,0.39285714285714285,0.9166666666666666,0.55
DT,0.7333333333333333,0.9166666666666666,0.8148148148148148
NB,0.29411764705882354,0.8333333333333334,0.4347826086956522
LR,0.275,0.9166666666666666,0.4230769230769231
SVM,0.34375,0.9166666666666666,0.5
