ModelFinallres,P-score,R-score,F-score
KNN,0.5833333333333334,0.9545454545454546,0.7241379310344828
DT,0.65625,0.9545454545454546,0.7777777777777778
NB,0.4666666666666667,0.9545454545454546,0.6268656716417911
LR,0.4666666666666667,0.9545454545454546,0.6268656716417911
SVM,0.6875,1.0,0.8148148148148148
