ModelFinallres,P-score,R-score,F-score
KNN,0.23809523809523808,1.0,0.3846153846153846
DT,0.3333333333333333,1.0,0.5
NB,0.23809523809523808,1.0,0.3846153846153846
LR,0.2777777777777778,1.0,0.4347826086956522
SVM,0.29411764705882354,1.0,0.45454545454545453
