ModelFinallres,P-score,R-score,F-score
KNN,0.009017132551848512,0.20408163265306123,0.017271157167530225
DT,0.01896551724137931,0.22448979591836735,0.034976152623211444
NB,0.008024691358024692,0.7959183673469388,0.015889183133020984
LR,0.008253358925143953,0.8775510204081632,0.016352918805856625
SVM,0.008415147265077139,0.7346938775510204,0.016639704183036744
