ModelFinallres,P-score,R-score,F-score
KNN,0.1636615811373093,0.5619047619047619,0.2534908700322234
DT,0.16367265469061876,0.3904761904761905,0.230661040787623
NB,0.15951492537313433,0.8142857142857143,0.2667706708268331
LR,0.16021671826625386,0.9857142857142858,0.2756324900133155
SVM,0.15863453815261044,0.7523809523809524,0.2620232172470979
