ModelFinallres,P-score,R-score,F-score
KNN,0.64,0.9411764705882353,0.7619047619047621
DT,0.7777777777777778,0.8235294117647058,0.7999999999999999
NB,0.36363636363636365,0.7058823529411765,0.48000000000000004
LR,0.3308270676691729,0.8627450980392157,0.47826086956521735
SVM,0.38333333333333336,0.9019607843137255,0.5380116959064328
