ModelFinallres,P-score,R-score,F-score
KNN,0.25,0.9333333333333333,0.39436619718309857
DT,0.28888888888888886,0.8666666666666667,0.43333333333333335
NB,0.23809523809523808,1.0,0.3846153846153846
LR,0.2153846153846154,0.9333333333333333,0.3500000000000001
SVM,0.25925925925925924,0.9333333333333333,0.40579710144927533
