ModelFinallres,P-score,R-score,F-score
KNN,0.34285714285714286,1.0,0.5106382978723404
DT,0.4444444444444444,1.0,0.6153846153846153
NB,0.2702702702702703,0.8333333333333334,0.4081632653061225
LR,0.2619047619047619,0.9166666666666666,0.4074074074074074
SVM,0.3055555555555556,0.9166666666666666,0.4583333333333333
