Model,P-cvscore,R-cvscore,F-cvscore
KNN,0.5991192141192141,0.4569444444444445,0.4492784109963325
DT,0.4885617760617761,0.548611111111111,0.4208810270189581
NB,0.5441833184108227,0.8583333333333332,0.6047815058134253
LR,0.50453216374269,0.4027777777777778,0.3972150611536801
SVM,0.6726253132832081,0.4930555555555555,0.48387258520979454
