Model,P-cvscore,R-cvscore,F-cvscore
KNN,0.5416666666666666,0.4666666666666666,0.4723809523809524
DT,0.5266666666666666,0.5666666666666667,0.5088095238095238
NB,0.4104040404040403,0.8666666666666668,0.5333111333111333
LR,0.6,0.33333333333333337,0.4133333333333333
SVM,0.625,0.4499999999999999,0.4923809523809524
