Model,P-cvscore,R-cvscore,F-cvscore
KNN,0.0,0.0,0.0
DT,0.0022222222222222222,0.0035714285714285713,0.0027397260273972603
NB,0.0,0.0,0.0
LR,0.0,0.0,0.0
SVM,0.0,0.0,0.0
