Model,P-cvscore,R-cvscore,F-cvscore
KNN,0.15708732055383073,0.05645345516847515,0.07820112528665982
DT,0.1414377437877347,0.19370835712925943,0.16086292986966214
NB,0.15195681511470985,0.050504473634113846,0.03651393714707673
LR,0.0,0.0,0.0
SVM,0.0,0.0,0.0
