Model,P-cvscore,R-cvscore,F-cvscore
KNN,0.6727434394810555,0.5557142857142857,0.6007440847440848
DT,0.5299218487357004,0.583095238095238,0.5496861269070135
NB,0.3403373230223369,0.5804761904761906,0.41796100150742205
LR,0.6639957264957264,0.19738095238095238,0.2853258671153408
SVM,0.7766632490316702,0.3526190476190476,0.4445672670982269
