Model,P-cvscore,R-cvscore,F-cvscore
KNN,0.5900000000000001,0.4533333333333333,0.4926726305730883
DT,0.4216107503607504,0.43555555555555553,0.4180342010183173
NB,0.5168062030562031,0.7877777777777777,0.6063247750671686
LR,0.7183333333333334,0.41222222222222216,0.5024561403508773
SVM,0.6741125541125541,0.42333333333333334,0.49943223443223445
