Model,P-cvscore,R-cvscore,F-cvscore
KNN,0.44194776238254485,0.45952380952380956,0.4154177718832891
DT,0.6430218066247477,0.7571428571428571,0.6631418296783755
NB,0.4721807359307359,0.8047619047619048,0.5394464186505266
LR,0.2190909090909091,0.24761904761904763,0.2261111111111111
SVM,0.3743589743589743,0.2642857142857143,0.287056277056277
