Model,P-cvscore,R-cvscore,F-cvscore
KNN,0.9325464080737543,1.0,0.9640447096972519
DT,0.9461693092041623,0.9871794871794872,0.9645016623653584
NB,0.9148954418072746,0.9170498084291188,0.9129478411130518
LR,0.9211305082500149,0.929022988505747,0.9226804650201972
SVM,0.92766714828952,0.9717801355732391,0.9472346348997528
