Model,P-cvscore,R-cvscore,F-cvscore
KNN,0.9781308664922888,1.0,0.9888725321145154
DT,0.9845936509889569,0.9929824561403509,0.9886939524994649
NB,0.9430586813450844,0.9019963702359346,0.9213220694267303
LR,0.959246163577402,0.9562915910465819,0.9573189535537701
SVM,0.9764622995531965,1.0,0.9880035818683444
