Model,P-cvscore,R-cvscore,F-cvscore
KNN,0.953985679614972,0.9990283681571164,0.9759842198225611
DT,0.9377223000296905,0.971822062323664,0.954451371431483
NB,0.5484245385791994,0.8614008215302296,0.6701264815414332
LR,0.5513988791739429,0.8959296243473176,0.6826285664621317
SVM,0.6271764993180299,0.8032768712960865,0.7038945367324942
