Model,P-cvscore,R-cvscore,F-cvscore
KNN,0.8337874335370943,0.9842313310990806,0.9023315481434752
DT,0.7803846844424935,0.874561742717195,0.8244339060636889
NB,0.6280834089418528,0.8604043138265876,0.7237587003047159
LR,0.6302100815185432,0.9993050184755521,0.7729559237408961
SVM,0.6550741937289315,0.960358124946292,0.7788208950670339
