Model,P-cvscore,R-cvscore,F-cvscore
KNN,0.9776095687145938,1.0,0.9885844135167682
DT,0.9607269744498582,0.989437292634373,0.9747733082683959
NB,0.8368699078675175,0.6693324485733245,0.7433412664822182
LR,0.8443505932916237,0.7968175182481751,0.8193130838938355
SVM,0.9014431393228677,0.9304525547445255,0.9145078151684753
