Model,P-cvscore,R-cvscore,F-cvscore
KNN,0.9743573971490325,1.0,0.986895763329052
DT,0.9677300748210677,0.9732178508514387,0.9702665963161031
NB,0.9269051214975257,0.8537874339401057,0.8881030520982811
LR,0.9219411485272959,0.9027598355842631,0.9110151527836017
SVM,0.9563191683260609,0.9578860833822667,0.9565546702325873
