Model,P-cvscore,R-cvscore,F-cvscore
KNN,0.9631696831714788,1.0,0.9810495362421779
DT,0.9717758292688139,0.9978021978021978,0.9843057628567612
NB,0.9382281226363075,0.8669327909659403,0.9004979975380849
LR,0.9430802038427917,1.0,0.9700560677676622
SVM,0.9629781418909535,1.0,0.9808684606254203
