ModelFinallres,P-score,R-score,F-score
KNN,1.0,0.7727272727272727,0.8717948717948718
DT,0.9473684210526315,0.8181818181818182,0.8780487804878049
NB,0.5128205128205128,0.9090909090909091,0.6557377049180326
LR,1.0,0.5,0.6666666666666666
SVM,1.0,0.6818181818181818,0.8108108108108109
