ModelFinallres,P-score,R-score,F-score
KNN,0.4444444444444444,0.8,0.5714285714285714
DT,0.5,0.8,0.6153846153846154
NB,0.3125,1.0,0.47619047619047616
LR,0.5,0.6,0.5454545454545454
SVM,0.375,0.6,0.4615384615384615
