ModelFinallres,P-score,R-score,F-score
KNN,0.0,0.0,0.0
DT,0.012048192771084338,0.02040816326530612,0.015151515151515152
NB,0.0,0.0,0.0
LR,0.0,0.0,0.0
SVM,0.0,0.0,0.0
