ModelFinallres,P-score,R-score,F-score
KNN,0.12,0.04285714285714286,0.0631578947368421
DT,0.20512820512820512,0.22857142857142856,0.2162162162162162
NB,0.1935483870967742,0.02857142857142857,0.04979253112033195
LR,0.0,0.0,0.0
SVM,0.0,0.0,0.0
