ModelFinallres,P-score,R-score,F-score
KNN,0.9333333333333333,0.5490196078431373,0.6913580246913581
DT,0.8780487804878049,0.7058823529411765,0.782608695652174
NB,0.4383561643835616,0.6274509803921569,0.5161290322580645
LR,0.625,0.19607843137254902,0.29850746268656714
SVM,1.0,0.39215686274509803,0.5633802816901409
