ModelFinallres,P-score,R-score,F-score
KNN,0.75,0.6,0.6666666666666665
DT,0.36666666666666664,0.7333333333333333,0.4888888888888889
NB,0.3023255813953488,0.8666666666666667,0.44827586206896547
LR,0.6666666666666666,0.6666666666666666,0.6666666666666666
SVM,0.7692307692307693,0.6666666666666666,0.7142857142857142
