ModelFinallres,P-score,R-score,F-score
KNN,0.8888888888888888,0.6666666666666666,0.761904761904762
DT,0.7333333333333333,0.9166666666666666,0.8148148148148148
NB,0.38461538461538464,0.8333333333333334,0.5263157894736842
LR,0.75,0.25,0.375
SVM,0.8333333333333334,0.4166666666666667,0.5555555555555556
