Model,P-cvscore,R-cvscore,F-cvscore
KNN,0.9241666666666667,0.7944444444444445,0.8399297924297924
DT,0.8663383838383838,0.9277777777777778,0.8897193965305421
NB,0.8727272727272727,0.8430555555555556,0.8428939997051452
LR,0.8734415584415582,0.8805555555555555,0.8676308418104084
SVM,0.8752272727272727,0.8930555555555555,0.8751308418104085
