Model,P-cvscore,R-cvscore,F-cvscore
KNN,0.55,0.38333333333333336,0.4133333333333333
DT,0.5766666666666667,0.45,0.45499999999999996
NB,0.8,0.7,0.6871428571428572
LR,0.79,0.6499999999999999,0.6338095238095238
SVM,0.79,0.6499999999999999,0.6338095238095238
