Model,P-cvscore,R-cvscore,F-cvscore
KNN,0.9683738304706045,0.8982758620689655,0.9289217157040778
DT,0.9319329303342586,0.9399014778325123,0.9327001335428552
NB,0.9643496796945072,0.8039408866995075,0.8731698453676142
LR,0.9431647559364951,0.7799261083743843,0.84374031583709
SVM,0.9482439945675241,0.8672413793103448,0.9018156133206496
