Model,P-cvscore,R-cvscore,F-cvscore
KNN,0.8714932498062176,0.7495145631067961,0.7968372174633405
DT,0.8987138132107215,0.7340472111174566,0.8037432615953772
NB,0.9412583261183656,0.6853797829811535,0.7902363164194538
LR,0.9424088558153725,0.733000190367409,0.8207175281707858
SVM,0.9331889900635018,0.7447268227679421,0.8250545189902072
