Model,P-cvscore,R-cvscore,F-cvscore
KNN,0.9380632411067193,0.9354761904761905,0.9311065524539867
DT,0.9806600901230057,0.9061904761904762,0.9384982455245992
NB,0.9788043478260869,0.8428571428571429,0.8884937611408199
LR,0.9906926406926407,0.8428571428571429,0.8949412765673486
SVM,0.9707686335403727,0.8528571428571429,0.8967158648381748
