Model,P-cvscore,R-cvscore,F-cvscore
KNN,0.965909090909091,0.8166666666666667,0.871219281234761
DT,0.9742424242424242,0.8266666666666668,0.880060870502047
NB,0.9432900432900434,0.8922222222222222,0.9133753501400561
LR,0.940909090909091,0.8477777777777777,0.8823529411764707
SVM,0.9506313131313131,0.8711111111111112,0.902264239028945
