Model,P-cvscore,R-cvscore,F-cvscore
KNN,0.7880952380952382,0.5285714285714286,0.6017821067821068
DT,0.8478571428571428,0.8571428571428571,0.8438514426749719
NB,0.6486538461538462,0.580952380952381,0.582999164578112
LR,0.616510989010989,0.6404761904761905,0.6136340852130326
SVM,0.6947619047619047,0.5857142857142856,0.6065934065934064
