Model,P-cvscore,R-cvscore,F-cvscore
KNN,0.9605175023798113,1.0,0.9792802285425374
DT,0.9398297775366883,0.9923076923076923,0.964088349735684
NB,0.9148954418072746,0.9170498084291188,0.9129478411130518
LR,0.9239363706421134,0.929022988505747,0.9244351794504586
SVM,0.924779459493231,0.94184350132626,0.9300521328877837
