Model,P-cvscore,R-cvscore,F-cvscore
KNN,0.9965517241379309,1.0,0.9982608695652175
DT,0.973804366354958,0.9947368421052631,0.9838538890656838
NB,0.9430586813450844,0.9019963702359346,0.9213220694267303
LR,0.9596604762493275,0.9615245009074409,0.9600454496599848
SVM,0.9673839243069826,1.0,0.9831446484349925
