Model,P-cvscore,R-cvscore,F-cvscore
KNN,0.017543859649122806,0.2222222222222222,0.032520325203252036
DT,0.007568590350047304,0.5333333333333333,0.014925373134328358
NB,0.010275380189066995,0.8064516129032258,0.02029220779220779
LR,0.010530421216848674,0.8709677419354839,0.020809248554913295
SVM,0.007767646065518406,1.0,0.015415549597855228
