Model,P-cvscore,R-cvscore,F-cvscore
KNN,0.929886123305792,0.9860896279109737,0.9564456968979027
DT,0.700364187876985,0.7998834536392542,0.744693952556541
NB,0.6280834089418528,0.8604043138265876,0.7237587003047159
LR,0.6302802437076706,1.0,0.773216587787772
SVM,0.629727024373586,1.0,0.7728004115436846
