Model,P-cvscore,R-cvscore,F-cvscore
KNN,0.9942698655473066,0.9996363636363637,0.9969303402553811
DT,0.9512726121134486,0.9887153284671533,0.9695526416721458
NB,0.8368699078675175,0.6693324485733245,0.7433412664822182
LR,0.8442291319828936,0.8051944260119441,0.8237184708033304
SVM,0.8690170588633157,0.8608838752488387,0.8640742929631537
