Model,P-cvscore,R-cvscore,F-cvscore
KNN,0.9984732824427482,1.0,0.9992337164750957
DT,0.9625273972324901,0.975490311215502,0.9688248405667913
NB,0.9269051214975257,0.8537874339401057,0.8881030520982811
LR,0.9232251748288396,0.9058250146799767,0.913106519755255
SVM,0.937807255276241,0.9364474456840869,0.9360331049089018
