Model,P-cvscore,R-cvscore,F-cvscore
KNN,0.9750595496067292,1.0,0.9871753523128822
DT,0.9825819593509315,1.0,0.9911092081158364
NB,0.9382281226363075,0.8669327909659403,0.9004979975380849
LR,0.9467458273310353,1.0,0.9720593453361037
SVM,0.9736653043653829,1.0,0.9865483374353069
