Model,P-cvscore,R-cvscore,F-cvscore
KNN,0.5976419413919414,0.4458333333333333,0.43818292818292814
DT,0.6162975792323618,0.548611111111111,0.49110008606508265
NB,0.5383477610659775,0.8583333333333332,0.6028142052455554
RF,0.5735188477951636,0.48888888888888893,0.4500966625966626
LR,0.503611111111111,0.4027777777777778,0.3959469452116511
SVM,0.6329591461170408,0.44305555555555554,0.4370196154342496
Kmeans,0.0584998558024548,0.30288461538461536,0.12378302436566264
