Model,P-cvscore,R-cvscore,F-cvscore
KNN,0.375,0.25,0.27999999999999997
DT,0.375,0.41666666666666663,0.36507936507936506
NB,0.38349927849927845,0.8666666666666666,0.5012476412476412
RF,0.35,0.25,0.27999999999999997
LR,0.5,0.25,0.31666666666666665
SVM,0.35,0.14999999999999997,0.20666666666666664
Kmeans,0.14536435786435786,0.675,0.25797394126341494
