Model,P-cvscore,R-cvscore,F-cvscore
KNN,0.0,0.0,0.0
DT,0.012685439560439559,0.014039408866995073,0.013220470880165622
NB,0.0,0.0,0.0
RF,0.0,0.0,0.0
LR,0.0,0.0,0.0
SVM,0.0,0.0,0.0
Kmeans,0.009831808376404813,0.4685443085927304,0.019217784889814373
