Model,P-cvscore,R-cvscore,F-cvscore
KNN,0.09564166732523731,0.02625166571482962,0.0396271597997615
DT,0.1267989012700094,0.1771654292785075,0.14631404877191795
NB,0.06590476190476191,0.03398058252427184,0.03157777647606128
RF,0.03745343181408755,0.011688558918713116,0.01667236122792263
LR,0.0,0.0,0.0
SVM,0.0,0.0,0.0
Kmeans,0.1622818795982663,0.31522658502673756,0.19552861819006181
