Model,P-cvscore,R-cvscore,F-cvscore
KNN,0.6679365079365079,0.549047619047619,0.5905919566253327
DT,0.572030492898914,0.5619047619047619,0.5582873075782698
NB,0.33771592256374866,0.5814285714285714,0.41658703791942014
RF,0.8054761904761906,0.5580952380952381,0.6366084108711011
LR,0.6576754385964911,0.19452380952380952,0.28186740558292284
SVM,0.670645933014354,0.34095238095238095,0.42306322056322054
Kmeans,0.055462131546657065,0.4014912280701754,0.14383699779422274
