Model,P-cvscore,R-cvscore,F-cvscore
KNN,0.5588888888888889,0.42444444444444446,0.46802495368856933
DT,0.3977212918660287,0.47777777777777775,0.42483627171376714
NB,0.5007344994187098,0.788888888888889,0.5954611062675579
RF,0.6675757575757575,0.49111111111111105,0.5508241758241759
LR,0.7283333333333334,0.3911111111111111,0.488850155692261
SVM,0.6748268398268398,0.40444444444444444,0.4810167283696695
Kmeans,0.2267146789545858,0.5905483405483405,0.31830841159103684
