Model,P-cvscore,R-cvscore,F-cvscore
KNN,0.5245468257232963,0.4428571428571428,0.44213341780039855
DT,0.4263142121036858,0.5571428571428572,0.4597241822504981
NB,0.462784136643163,0.7833333333333334,0.5344889663182346
RF,0.49173160173160174,0.5404761904761906,0.4929133439659755
LR,0.3111111111111111,0.20238095238095238,0.21388888888888888
SVM,0.5426923076923076,0.31666666666666665,0.37940077466393257
Kmeans,0.09033313621131481,0.4,0.14484797297297297
