Model,P-cvscore,R-cvscore,F-cvscore
KNN,0.9346785047912152,0.9965956830363609,0.9637201590792269
DT,0.9228282391611942,0.9863899753730262,0.9524218717569022
NB,0.8931944563891785,0.9114805157178039,0.8988972236607111
LR,0.8991852849972621,0.9148848326814429,0.904245048885073
SVM,0.8939255834237064,0.9318991742720557,0.9087871451684368
