Model,P-cvscore,R-cvscore,F-cvscore
KNN,0.9450585981060644,1.0,0.9714779912844238
DT,0.9355390526266255,0.9895341802782818,0.9613700138635368
NB,0.897015002910034,0.8742891712038716,0.8847461266446747
LR,0.9081557529304922,0.9250453720508167,0.9159404609345005
SVM,0.9094099580300969,1.0,0.9511339356906658
