Model,P-cvscore,R-cvscore,F-cvscore
KNN,0.0028653295128939827,0.043478260869565216,0.005376344086021506
DT,0.009009009009009009,0.3,0.017492711370262388
NB,0.0074875207986688855,0.8181818181818182,0.01483924154987634
LR,0.011220196353436185,0.5,0.02194787379972565
SVM,0.011777301927194861,0.9705882352941176,0.023272214386459805
