Model,P-cvscore,R-cvscore,F-cvscore
KNN,0.7335949806178383,0.9720437616387336,0.8355696879227394
DT,0.5452529395402462,0.6814297923788877,0.6020225066980172
NB,0.45260121267362996,0.714753745240279,0.5507228660799289
LR,0.4476354642694679,0.5235738208399344,0.480281865028907
SVM,0.25023299161230195,0.5,0.33354037267080744
