Model,P-cvscore,R-cvscore,F-cvscore
KNN,0.9685757085694862,0.9996376811594203,0.9838102050816955
DT,0.9390816829316091,0.986213438735178,0.9619279423530273
NB,0.8344500413955995,0.6545902503293808,0.7328426943447347
LR,0.8319291755309285,0.791395256916996,0.8104682579379435
SVM,0.8587818778508526,0.8584940711462451,0.8580179267015404
