Model,P-cvscore,R-cvscore,F-cvscore
KNN,0.9463894909700631,0.9969639139486468,0.9707501335603608
DT,0.910720367626895,0.9696160074022669,0.9384534454654009
NB,0.8904038925252596,0.8064018043025678,0.8451230506181302
LR,0.8911002230484734,0.8716805459171871,0.8796961307147338
SVM,0.8855484536214476,0.913439740920657,0.8970761542622675
