Model,P-cvscore,R-cvscore,F-cvscore
KNN,0.9459419130236327,0.9994535519125683,0.9710097935637476
DT,0.9642935625374506,0.9939650513421006,0.9784199128000513
NB,0.9114926436599651,0.8396174863387978,0.8730999391725959
LR,0.9226106162902589,1.0,0.9582293247123819
SVM,0.944611799514349,1.0,0.970654530076177
